roi,d_parallel_nm,E0_exact_Ha,sigma_E0_Ha,sigma_E0_over_abs_E0
ROI-1,0.73,-0.679,0.01358,0.02
ROI-2,0.78,-0.665,0.0133,0.02
ROI-3,0.33,-1.112,0.02224,0.02
ROI-4,0.99,-0.637,0.01274,0.02
ROI-5,0.7343,-0.677,0.01354,0.02
